row_number,prompt,expected_make,expected_model,expected_trim,expected_body_styles,expected_exclude_body_styles,expected_transmission,expected_drivetrain,expected_powertrain_type,expected_budget_min,expected_budget_max,expected_budget_strict_max,expected_year_min,expected_year_max,expected_mileage_max,expected_use_cases,expected_must_have,expected_nice_to_have,expected_avoid,expected_color,expected_city,expected_state,expected_radius,predicted_make,predicted_model,predicted_trim,predicted_body_styles,predicted_transmission,predicted_drivetrain,predicted_powertrain_type,predicted_budget_max,predicted_use_cases,predicted_must_have
1,I want to stick with gas power for now because it feels simpler to me.,unspecified,unspecified,unspecified,unspecified,unspecified,unspecified,unspecified,gas,unspecified,unspecified,unspecified,unspecified,unspecified,unspecified,unspecified,unspecified,unspecified,unspecified,unspecified,unspecified,unspecified,unspecified,unspecified,unspecified,unspecified,unspecified,unspecified,unspecified,unspecified,unspecified,unspecified,unspecified
2,"I want a minivan that’s family focused, preferably Toyota or Honda, under $40k.","Toyota, Honda",unspecified,unspecified,minivan,unspecified,unspecified,unspecified,unspecified,unspecified,40000,true,unspecified,unspecified,unspecified,family,unspecified,unspecified,unspecified,unspecified,unspecified,unspecified,unspecified,unspecified,unspecified,unspecified,unspecified,unspecified,unspecified,unspecified,unspecified,unspecified,unspecified
3,"I’m looking for a 2021+ Hyundai Sonata in the sedan category, located within 10 miles of Monterey, CA. Budget is under $22,000, with under 80,000 miles. It should be gas-powered, have a automatic transmission and RWD drivetrain. Primary use will be family use, cargo hauling, commuting, and ownership costs should stay low-cost. Must-have features include leather seats, panoramic roof; nice to have backup camera, remote start, and I want to avoid third-row seating. Preferred exterior colors are brown, silver.",Hyundai,Sonata,unspecified,sedan,unspecified,automatic,RWD,gas,unspecified,22000,true,2021,unspecified,80000,"family, commute, cargo","leather_seats, panoramic_roof","backup_camera, remote_start",third_row_seating,"silver, brown",Monterey,CA,10,unspecified,unspecified,unspecified,unspecified,unspecified,unspecified,unspecified,unspecified,unspecified,unspecified
4,"I want a car that feels current and comfortable, but I’m not chasing the latest trends or gimmicks, under $32k.",unspecified,unspecified,unspecified,unspecified,unspecified,unspecified,unspecified,unspecified,unspecified,32000,true,unspecified,unspecified,unspecified,unspecified,unspecified,unspecified,unspecified,unspecified,unspecified,unspecified,unspecified,unspecified,unspecified,unspecified,unspecified,unspecified,unspecified,unspecified,unspecified,unspecified,unspecified
5,"I want a Mazda3 hatchback, automatic, under $24k, with Android Auto and heated seats.",unspecified,Mazda3,unspecified,hatchback,unspecified,automatic,unspecified,unspecified,unspecified,24000,true,unspecified,unspecified,unspecified,unspecified,"android_auto, heated_seats",unspecified,unspecified,unspecified,unspecified,unspecified,unspecified,unspecified,unspecified,unspecified,unspecified,unspecified,unspecified,unspecified,unspecified,unspecified,unspecified
6,"I’m being pretty picky on specs because I plan to keep it for years. I’m looking for a 2017–2024 Toyota RAV4 as my next suv within 30 miles of Spring Valley, NV, and I want it between $39,000 and $45,000 with under 40,000 miles; owners not a major concern. It should be plug_in_hybrid with a automatic transmission and fwd drivetrain, and it needs to fit seating for 6, no kids, no pets. Primary use cases are family, work, budget_value, so cargo is low priority and my maintenance priority is low cost. Must-haves: remote start, heated seats, android auto, blind spot monitoring, lane departure warning. Nice-to-haves: lane keep assist, built in navigation. Please avoid: heated steering wheel, ventilated seats, third row seating. I prefer gray exterior, and I’m explicitly not shopping for hatchback body styles.",Toyota,RAV4,unspecified,suv,hatchback,automatic,FWD,plug_in_hybrid,39000,45000,true,2017,2024,40000,"family, work_light, budget_value","remote_start, heated_seats, android_auto, blind_spot_monitoring, lane_departure_warning","lane_keep_assist, built_in_navigation","heated_steering_wheel, ventilated_seats, third_row_seating",gray,Spring Valley,NV,30,unspecified,unspecified,unspecified,unspecified,unspecified,unspecified,unspecified,unspecified,unspecified,unspecified
7,"I’m looking for a commuter car that won’t give me headaches, under about twenty-five grand, with modern tech like Apple CarPlay.",unspecified,unspecified,unspecified,unspecified,unspecified,unspecified,unspecified,unspecified,unspecified,unspecified,false,unspecified,unspecified,unspecified,commute,apple_carplay,unspecified,unspecified,unspecified,unspecified,unspecified,unspecified,unspecified,unspecified,unspecified,unspecified,unspecified,unspecified,unspecified,unspecified,unspecified,unspecified
8,"I want lots of advanced features, but I don’t want the car to feel complicated or distracting.",unspecified,unspecified,unspecified,unspecified,unspecified,unspecified,unspecified,unspecified,unspecified,unspecified,unspecified,unspecified,unspecified,unspecified,unspecified,unspecified,unspecified,unspecified,unspecified,unspecified,unspecified,unspecified,unspecified,unspecified,unspecified,unspecified,unspecified,unspecified,unspecified,unspecified,unspecified,unspecified
9,"I’m looking for a 2018+ BMW X3 in the coupe category, located within 30 miles of Fort Lauderdale, FL. Budget is under $28,000, with under 80,000 miles. It should be diesel-powered, have a automatic transmission and FWD drivetrain. Primary use will be commuting, pets, outdoor trips, and ownership costs should stay balanced. Must-have features include panoramic roof, heated steering wheel; nice to have remote start, and I want to avoid third-row seating. Preferred exterior colors are silver.",BMW,X3,unspecified,coupe,unspecified,automatic,FWD,diesel,unspecified,28000,true,2018,unspecified,80000,"commute, animals, off_road","panoramic_roof, heated_steering_wheel",remote_start,third_row_seating,silver,Fort Lauderdale,FL,30,unspecified,unspecified,unspecified,unspecified,unspecified,unspecified,unspecified,unspecified,unspecified,unspecified
10,"I like the idea of electric for commuting, but I want to keep the price under $35k.",unspecified,unspecified,unspecified,unspecified,unspecified,unspecified,unspecified,electric,unspecified,35000,true,unspecified,unspecified,unspecified,commute,unspecified,unspecified,unspecified,unspecified,unspecified,unspecified,unspecified,unspecified,unspecified,unspecified,unspecified,unspecified,unspecified,unspecified,unspecified,unspecified,unspecified
11,"I want something that handles daily needs easily, without the scale of a full-size vehicle, under $34k.",unspecified,unspecified,unspecified,unspecified,unspecified,unspecified,unspecified,unspecified,unspecified,34000,true,unspecified,unspecified,unspecified,unspecified,unspecified,unspecified,unspecified,unspecified,unspecified,unspecified,unspecified,unspecified,unspecified,unspecified,unspecified,unspecified,unspecified,unspecified,unspecified,unspecified,unspecified
12,"Commuter sedan for city driving, small footprint, mileage does not matter much, under $18k, must have Android Auto.",unspecified,unspecified,unspecified,sedan,unspecified,unspecified,unspecified,unspecified,unspecified,18000,true,unspecified,unspecified,unspecified,commute,android_auto,unspecified,unspecified,unspecified,unspecified,unspecified,unspecified,unspecified,unspecified,unspecified,unspecified,unspecified,unspecified,unspecified,unspecified,unspecified,unspecified
13,"I want performance-first priorities, but comfort matters more than speed.",unspecified,unspecified,unspecified,unspecified,unspecified,unspecified,unspecified,unspecified,unspecified,unspecified,unspecified,unspecified,unspecified,unspecified,performance,unspecified,unspecified,unspecified,unspecified,unspecified,unspecified,unspecified,unspecified,unspecified,unspecified,unspecified,unspecified,unspecified,unspecified,unspecified,unspecified,unspecified
14,I want a sedan under $30k with blind spot monitoring but adaptive cruise isn’t necessary.,unspecified,unspecified,unspecified,sedan,unspecified,unspecified,unspecified,unspecified,unspecified,30000,true,unspecified,unspecified,unspecified,unspecified,blind_spot_monitoring,adaptive_cruise_control,unspecified,unspecified,unspecified,unspecified,unspecified,unspecified,unspecified,unspecified,unspecified,unspecified,unspecified,unspecified,unspecified,unspecified,unspecified
15,"I want a car that fits into everyday life quietly, without standing out, and I’m staying under $30k.",unspecified,unspecified,unspecified,unspecified,unspecified,unspecified,unspecified,unspecified,unspecified,30000,true,unspecified,unspecified,unspecified,unspecified,unspecified,unspecified,unspecified,unspecified,unspecified,unspecified,unspecified,unspecified,unspecified,unspecified,unspecified,unspecified,unspecified,unspecified,unspecified,unspecified,unspecified
16,"I want a vehicle that feels sensible and easy to maintain, without chasing premium badges, and my budget is about $28k.",unspecified,unspecified,unspecified,unspecified,unspecified,unspecified,unspecified,unspecified,2,28000,true,unspecified,unspecified,unspecified,unspecified,unspecified,unspecified,unspecified,unspecified,unspecified,unspecified,unspecified,unspecified,unspecified,unspecified,unspecified,unspecified,unspecified,unspecified,unspecified,unspecified,unspecified
17,"I want a Toyota Venza Hybrid, under $35k, with cloth seats but premium audio.",Toyota,Venza,unspecified,unspecified,unspecified,unspecified,unspecified,"hybrid, plug_in_hybrid, mild_hybrid",unspecified,35000,true,unspecified,unspecified,unspecified,unspecified,premium_audio,unspecified,leather_seats,unspecified,unspecified,unspecified,unspecified,unspecified,unspecified,unspecified,unspecified,unspecified,unspecified,unspecified,unspecified,unspecified,unspecified
18,"I want a straightforward powertrain that doesn’t complicate daily life, and I’m keeping it under $26k.",unspecified,unspecified,unspecified,unspecified,unspecified,automatic,unspecified,unspecified,unspecified,26000,true,unspecified,unspecified,unspecified,commute,unspecified,unspecified,unspecified,unspecified,unspecified,unspecified,unspecified,unspecified,unspecified,unspecified,unspecified,unspecified,unspecified,unspecified,unspecified,unspecified,unspecified
19,"Reliable sedan for commuting, automatic transmission, fuel economy is high priority, under $20,000, mileage under 90,000, prefer gray or silver.",unspecified,unspecified,unspecified,sedan,unspecified,automatic,unspecified,unspecified,unspecified,20000,true,unspecified,unspecified,90000,commute,unspecified,unspecified,unspecified,"silver, gray",unspecified,unspecified,unspecified,unspecified,unspecified,unspecified,unspecified,unspecified,unspecified,unspecified,unspecified,unspecified,unspecified
20,I think a crossover fits my needs best since I want flexibility without sacrificing fuel economy too much.,unspecified,unspecified,unspecified,crossover,unspecified,unspecified,unspecified,unspecified,unspecified,unspecified,unspecified,unspecified,unspecified,unspecified,unspecified,unspecified,unspecified,unspecified,unspecified,unspecified,unspecified,unspecified,unspecified,unspecified,unspecified,unspecified,unspecified,unspecified,unspecified,unspecified,unspecified,unspecified
