id,prompt,annotated_json,completion_status
prompt_001,"I’m looking for a Lexus RX, AWD preferred, under $39k, with leather seats and heated steering wheel.",,
prompt_002,"Must have apple carplay, android auto, and backup camera, under $28k.",,
prompt_003,"I want a comfortable interior with useful features, but I don’t want screens or menus taking over the dashboard, under $31k.",,
prompt_004,I want an everyday vehicle that fits my life without friction.,,
prompt_005,"I’m looking for a Honda Pilot, under $40k, automatic, with third row seating and heated seats.",,
prompt_006,"I want a relaxed daily driver that doesn’t encourage spirited driving, and I’m keeping my budget below $29k.",,
prompt_007,"I want a straightforward powertrain that doesn’t complicate daily life, and I’m keeping it under $26k.",,
prompt_008,"I’m looking for a 2021+ Hyundai Sonata in the sedan category, located within 10 miles of Monterey, CA. Budget is under $22,000, with under 80,000 miles. It should be gas-powered, have a automatic transmission and RWD drivetrain. Primary use will be family use, cargo hauling, commuting, and ownership costs should stay low-cost. Must-have features include leather seats, panoramic roof; nice to have backup camera, remote start, and I want to avoid third-row seating. Preferred exterior colors are brown, silver.",,
prompt_009,"I want a car that feels current and comfortable, but I’m not chasing the latest trends or gimmicks, under $32k.",,
prompt_010,"I want something slightly taller than a sedan, so a crossover with AWD would be nice, as long as mileage stays under 85,000.",,
prompt_011,"I’m looking for a Toyota Corolla Hatchback, automatic, under $23k, with Apple CarPlay.",,
prompt_012,"Compact SUV, fuel economy medium priority, avoid third row seating, under $28k.",,
prompt_013,"I want a 2021-generation Mustang 5.0 with a manual transmission, E85 tuned, and an aftermarket exhaust. The Carfax has to come back clean and well taken care of on the service portion, no accidents.",,
prompt_014,"I’m looking for a 2013+ Mazda CX-30 in the truck category, located within 50 miles of Fort Lauderdale, FL. Budget is under $30,000, with moderate mileage. It should be hybrid-powered, have a manual transmission and 4WD drivetrain. Primary use will be commuting, family use, and ownership costs should stay luxury-acceptable. Must-have features include premium audio, third-row seating, backup camera; nice to have Apple CarPlay. Preferred exterior colors are silver.",,
prompt_015,"I’m looking for a 2013+ Honda Civic in the wagon category, located within 15 miles of Santa Barbara, CA. Budget is under $30,000, with under 80,000 miles. It should be electric-powered, have a automatic transmission and 4WD drivetrain. Primary use will be family use, and ownership costs should stay balanced. Must-have features include adaptive cruise control, premium audio; nice to have roof rack, wireless charging, third-row seating, and I want to avoid panoramic roof. Preferred exterior colors are green.",,
prompt_016,"I’m being pretty picky on specs because I plan to keep it for years. I’m looking for a 2013–2022 Lexus ES as my next hatchback within 15 miles of Henderson, NV, and I want it between $37,000 and $45,000 with under 80,000 miles; one-owner. It should be mild_hybrid with a automatic transmission and rwd drivetrain, and it needs to fit seating for 6, 3 kids, 2 pets. Primary use cases are towing, luxury, so cargo is moderate and my maintenance priority is luxury ok. Must-haves: blind spot monitoring, lane departure warning, front parking sensors, lane keep assist, adaptive cruise control. Nice-to-haves: leather seats, keyless entry, backup camera. Please avoid: apple carplay, wireless charging, premium audio. I prefer brown exterior, and I’m explicitly not shopping for suv, truck, crossover body styles.",,
prompt_017,"I want a manual car, but not a manual truck, and I want the manual to be fun but still practical.",,
prompt_018,"I want something with personality, but I want it to blend in everywhere.",,
prompt_019,"I’m being pretty picky on specs because I plan to keep it for years. I’m looking for a 2012–2023 Hyundai Tucson as my next truck within 15 miles of Spring Valley, NV, and I want it under $38,000 with under 120,000 miles; 2 owners max. It should be hybrid with a automatic transmission and fwd drivetrain, and it needs to fit seating for 4, 2 kids, 1 pet. Primary use cases are off_road, commute, cargo, so cargo is low priority and my maintenance priority is balanced. Must-haves: premium audio, leather seats, android auto. Nice-to-haves: roof rack, front parking sensors. Please avoid: keyless entry. I prefer red or gray exterior, and I’m explicitly not shopping for wagon body styles.",,
prompt_020,"I want a balanced car that’s comfortable and confident on the road, without exceeding a $30,000 budget.",,
prompt_021,"I’m shopping under $25k, but not the cheapest option available, and I want something reliable with decent features.",,
prompt_022,"I’m looking for something affordable, but not something I’ll regret buying later.",,
prompt_023,"I’m looking for a commuter car that won’t give me headaches, under about twenty-five grand, with modern tech like Apple CarPlay.",,
prompt_024,"I want a minivan that’s family focused, preferably Toyota or Honda, under $40k.",,
prompt_025,"I’m looking for a 2019+ Tesla Model 3 in the minivan category, located within 20 miles of Plano, TX. Budget is under $30,000, with moderate mileage. It should be diesel-powered, have a CVT transmission and RWD drivetrain. Primary use will be road trips, commuting, cargo hauling, and ownership costs should stay balanced. Must-have features include remote start, blind spot monitoring, backup camera, Android Auto; nice to have heated seats. Preferred exterior colors are blue, black.",,
prompt_026,"I want something that feels modern and well-equipped without being excessive. I’m looking for a 2014–2018 Chevrolet Colorado as my next sedan within 20 miles of Henderson, NV, and I want it between $15,000 and $30,000 with under 90,000 miles; no more than 3 owners. It should be plug_in_hybrid with a manual transmission and rwd drivetrain, and it needs to fit seating for 7, 2 kids, 1 pet. Primary use cases are animals, pleasure, travel, so cargo matters a lot and my maintenance priority is low cost. Must-haves: backup camera, rear parking sensors, keyless entry, android auto. Nice-to-haves: apple carplay, premium audio, adaptive cruise control. Please avoid: roof rack, built in navigation. I prefer blue or black exterior, and I’m explicitly not shopping for coupe body styles.",,
prompt_027,"I want something that handles daily needs easily, without the scale of a full-size vehicle, under $34k.",,
prompt_028,"I need something practical for everyday use, and I don’t need multiple rows of seating or family-hauler vibes, under $33k.",,
prompt_029,"Reliable sedan for commuting, automatic transmission, fuel economy is high priority, under $20,000, mileage under 90,000, prefer gray or silver.",,
prompt_030,"Sedan for rideshare use, automatic, good fuel economy, under $24k, under 100k miles, must have backup camera.",,
prompt_031,"I’m looking for a 2013+ Ford Maverick in the coupe category, located within 20 miles of Irvine, CA. Budget is under $38,000, with moderate mileage. It should be diesel-powered, have a manual transmission and RWD drivetrain. Primary use will be road trips, outdoor trips, and ownership costs should stay luxury-acceptable. Must-have features include Apple CarPlay, blind spot monitoring; nice to have remote start, tow package, and I want to avoid backup camera. Preferred exterior colors are silver, brown.",,
prompt_032,"I’m balancing budget, reliability, and comfort.",,
prompt_033,"I don’t need performance, I need something that just works, under $22k.",,
prompt_034,"I want a car that feels current inside, but also fits my budget of about $32,000.",,
prompt_035,"I want a Honda Accord Hybrid for commuting, under $29k, with low mileage.",,
prompt_036,"I want performance-first priorities, but comfort matters more than speed.",,
prompt_037,"I do a mix of commuting and traveling, which is why a crossover with good comfort matters, but I don’t want to spend more than $34k.",,
prompt_038,"I’m trying to be practical, but I do care about comfort and tech. I’m looking for a 2017–2024 Volkswagen Golf GTI as my next sedan within 10 miles of Henderson, NV, and I want it between $23,000 and $35,000 with moderate mileage; one-owner. It should be hybrid with a automatic transmission and rwd drivetrain, and it needs to fit seating for 7, no kids, no pets. Primary use cases are rideshare, commute, so cargo is moderate and my maintenance priority is performance first. Must-haves: front parking sensors, ventilated seats, roof rack. Nice-to-haves: heated seats, premium audio, panoramic roof. Please avoid: remote start, keyless entry, leather seats. I prefer gray or silver exterior, and I’m explicitly not shopping for coupe body styles.",,
prompt_039,"I want a sedan, but not a compact sedan, and I want it to feel comfortable for longer drives.",,
prompt_040,"Hatchback for city commuting, easy parking, under $21k, low mileage preferred, must have backup camera.",,
prompt_041,"I’m interested in FWD, but not something underpowered, and I still want decent acceleration.",,
prompt_042,"I’m focused on value and satisfaction, not extremes in either direction, under $30k.",,
prompt_043,"Vintage Truck Restomod Candidate: Looking for a 1970–1979 Chevy C10 short bed. Engine and transmission do not matter, as they will be replaced. The truck must have a straight body and solid cab and floors, with minimal rust. Interior condition is not important. Willing to pay up to $32,000.",,
prompt_044,"I’m looking for a daily commuter that’s easy to live with, automatic and fuel-efficient, but still newer than 2018 and under about $24,000.",,
prompt_045,"Crossover for family use, seating for at least 5, under $36k, must have blind spot monitoring.",,
prompt_046,"I want practicality, but not at the cost of comfort and quiet.",,
prompt_047,"I’m optimizing for daily usability and low hassle ownership. I’m looking for a 2015–2018 Toyota Sienna as my next truck within 20 miles of Henderson, NV, and I want it under $50,000 with under 80,000 miles; owners not a major concern. It should be plug_in_hybrid with a manual transmission and fwd drivetrain, and it needs to fit seating for 7, 1 kid, no pets. Primary use cases are travel, luxury, cargo, so cargo is moderate and my maintenance priority is low cost. Must-haves: leather seats, built in navigation, third row seating, lane departure warning, adaptive cruise control. Nice-to-haves: apple carplay, rear parking sensors, heated seats, panoramic roof. Please avoid: lane keep assist, tow package, blind spot monitoring. I prefer black exterior, and I’m explicitly not shopping for hatchback, suv, convertible body styles.",,
prompt_048,"I want something that feels modern and well-equipped without being excessive. I’m looking for a 2022–2024 BMW X3 as my next crossover and I want it between $12,000 and $22,000 with low mileage; owners not a major concern. It should be hybrid with a automatic transmission and fwd drivetrain, and it needs to fit seating for 4, 1 kid, 1 pet. Primary use cases are luxury, off_road, budget_value, so cargo is moderate and my maintenance priority is performance first. Must-haves: heated steering wheel, lane departure warning, backup camera, apple carplay. Nice-to-haves: keyless entry, memory seats, heated seats. Please avoid: lane keep assist. I prefer silver or brown exterior, and I’m explicitly not shopping for suv, convertible body styles.",,
prompt_049,"I’m optimizing for daily usability and low hassle ownership. I’m looking for a 2013–2017 Kia Sportage as my next minivan and I want it between $32,000 and $38,000 with under 120,000 miles; owners not a major concern. It should be electric with a dual_clutch transmission and fwd drivetrain, and it needs to fit seating for 8, 2 kids, no pets. Primary use cases are travel, work, family, so I need fold-flat rear seats and my maintenance priority is balanced. Must-haves: remote start, sunroof, rear parking sensors, tow package. Nice-to-haves: memory seats, built in navigation, android auto. Please avoid: lane departure warning. I prefer silver or blue exterior, and I’m explicitly not shopping for hatchback, sedan, coupe body styles.",,
prompt_050,"I’m drawn to vehicles with thoughtful interior features, as long as they stay under $34k.",,
prompt_051,"I want something versatile and comfortable, with enough space for travel, but not something that feels oversized or expensive.",,
prompt_052,I want a truck that balances work usefulness with everyday comfort.,,
prompt_053,"I want a Toyota Highlander, 2019 or newer, under $38k, with third row seating and blind spot monitoring.",,
prompt_054,I’m looking for a vehicle that can seat at least five comfortably and still carry bags and gear.,,
prompt_055,"I’m interested in a Subaru Outback for commuting, under $32k.",,
prompt_056,I want to stick with gas power for now because it feels simpler to me.,,
prompt_057,I want efficiency benefits without behavioral changes.,,
prompt_058,I want a sedan under $30k with blind spot monitoring but adaptive cruise isn’t necessary.,,
prompt_059,"I’m trying to be practical, but I do care about comfort and tech. I’m looking for a 2020–2024 Toyota Sienna as my next crossover and I want it between $12,000 and $22,000 with under 40,000 miles; owners not a major concern. It should be gas with a dual_clutch transmission and awd drivetrain, and it needs to fit seating for 7, 3 kids, 1 pet. Primary use cases are cargo, pleasure, family, so cargo is low priority and my maintenance priority is low cost. Must-haves: adaptive cruise control, third row seating, blind spot monitoring, sunroof, leather seats. Nice-to-haves: lane keep assist, backup camera. Please avoid: memory seats. I prefer brown or red exterior, and I’m explicitly not shopping for hatchback, convertible body styles.",,
prompt_060,"I want flexibility for hauling gear occasionally, but I still want good fuel economy, so I’m aiming for something under $29,000.",,
prompt_061,"I occasionally need to haul things for home projects, so a light-duty truck under $31k would be useful.",,
prompt_062,"I want a luxury-feeling interior with leather and premium audio, but I don’t want luxury-level ownership costs and I need to stay under $28k.",,
prompt_063,"I want a car that fits into everyday life quietly, without standing out, and I’m staying under $30k.",,
prompt_064,"I’m searching for a Chevrolet Colorado, automatic, under $32k, with heated seats and tow package, but not a full-size truck.",,
prompt_065,"I’m prioritizing features that make everyday driving easier. I’m looking for a 2012–2016 Toyota RAV4 as my next hatchback within 20 miles of Summerlin (Las Vegas), and I want it under $28,000 with under 70,000 miles; one-owner. It should be hybrid with a automatic transmission and 4wd drivetrain, and it needs to fit seating for 5, no kids, 2 pets. Primary use cases are luxury, travel, so cargo is low priority and my maintenance priority is luxury ok. Must-haves: wireless charging, remote start, built in navigation. Nice-to-haves: heated seats, keyless entry, memory seats, backup camera. Please avoid: ventilated seats, lane keep assist, tow package. I prefer white exterior, and I’m explicitly not shopping for convertible body styles.",,
prompt_066,"Wagon or hatchback only, no SUVs, under $27k, must have Android Auto and heated seats.",,
prompt_067,"Family SUV with seating for at least 6, third row required, under $42k.",,
prompt_068,"I’m interested in a CR-V for family use, under $32k, but cargo space matters more than safety tech.",,
prompt_069,"I want something current, but not something that will age poorly.",,
prompt_070,"I’m trying to make a smart purchase that balances needs and budget, under $30k.",,
prompt_071,"I want a vehicle that feels sensible and easy to maintain, without chasing premium badges, and my budget is about $28k.",,
prompt_072,"Hybrid sedan for commuting, fuel economy high priority, under $30k.",,
prompt_073,"I’m optimizing for daily usability and low hassle ownership. I’m looking for a 2018–2024 Ford Maverick as my next sedan within 30 miles of North Las Vegas, NV, and I want it under $32,000 with under 90,000 miles; no more than 3 owners. It should be plug_in_hybrid with a manual transmission and rwd drivetrain, and it needs to fit seating for 4, no kids, no pets. Primary use cases are rideshare, travel, so cargo is low priority and my maintenance priority is balanced. Must-haves: apple carplay, lane departure warning, wireless charging, leather seats. Nice-to-haves: android auto, lane keep assist. Please avoid: premium audio. I prefer silver or black exterior, and I’m explicitly not shopping for crossover body styles.",,
prompt_074,"I’m looking for a 2013+ Ford Maverick in the wagon category, located within 30 miles of Phoenix, AZ. Budget is under $25,000, with under 60,000 miles. It should be gas-powered, have a dual-clutch transmission and RWD drivetrain. Primary use will be commuting, cargo hauling, family use, and ownership costs should stay performance-oriented. Must-have features include adaptive cruise control, remote start, third-row seating; nice to have sunroof. Preferred exterior colors are brown.",,
prompt_075,"Hatchback for animals and cargo, fold-flat seats required, under $25k.",,
prompt_076,"Truck for work light use, tow package required, under $35k.",,
prompt_077,"I want a sedan that’s very aerodynamic and efficient, but I also want it to have a bold, aggressive design.",,
prompt_078,"I’m looking for a wagon or hatchback, but not an SUV, and cargo flexibility matters to me.",,
prompt_079,I’m considering a minivan because space and practicality matter more than image.,,
prompt_080,"Family vehicle for two kids, cargo priority high, under $35k.",,
prompt_081,"I’m looking for a 2014+ Toyota Highlander in the suv category, located within 15 miles of Austin, TX. Budget is under $25,000, with under 80,000 miles. It should be diesel-powered, have a dual-clutch transmission and FWD drivetrain. Primary use will be commuting, family use, and ownership costs should stay luxury-acceptable. Must-have features include panoramic roof, tow package, roof rack, third-row seating; nice to have Android Auto, sunroof, heated seats, and I want to avoid leather seats. Preferred exterior colors are gray, silver.",,
prompt_082,"I want lots of convenience tech, but I don’t want tech-related failures.",,
prompt_083,"I want something that’s easy on maintenance and ownership, without being stripped down to the basics, under $28k.",,
prompt_084,"I’m being pretty picky on specs because I plan to keep it for years. I’m looking for a 2017–2018 Audi Q5 as my next coupe and I want it between $22,000 and $28,000 with does not matter mileage; 2 owners max. It should be plug_in_hybrid with a cvt transmission and 4wd drivetrain, and it needs to fit seating for 8, 1 kid, no pets. Primary use cases are pleasure, luxury, off_road, so I want hatch access for loading and my maintenance priority is low cost. Must-haves: panoramic roof, roof rack, adaptive cruise control, lane departure warning, backup camera. Nice-to-haves: leather seats, heated steering wheel, rear parking sensors, ventilated seats. Please avoid: wireless charging. I prefer blue exterior, and I’m explicitly not shopping for minivan, crossover body styles.",,
prompt_085,"I like the idea of having some extra cargo space for trips, so a hatchback or small wagon under $27k makes a lot of sense to me.",,
prompt_086,"I’m interested in a hybrid that saves fuel, but I still want it to feel fast and exciting to drive.",,
prompt_087,"I’m looking for a 2017+ Nissan Rogue in the crossover category, located within 15 miles of Albuquerque, NM. Budget is under $28,000, with low mileage. It should be plug-in hybrid-powered, have a automatic transmission and 4WD drivetrain. Primary use will be family use, commuting, and ownership costs should stay performance-oriented. Must-have features include blind spot monitoring, premium audio, third-row seating, Apple CarPlay; nice to have Android Auto, and I want to avoid leather seats. Preferred exterior colors are white.",,
prompt_088,"I do a mix of city driving and trips, so a crossover under $36k with decent comfort sounds right.",,
prompt_089,Searching for a gently used crossover with modern safety features like blind-spot monitoring and adaptive cruise control.,,
prompt_090,"I’m optimizing for daily usability and low hassle ownership. I’m looking for a 2021–2023 Honda Pilot as my next hatchback and I want it between $28,000 and $38,000 with under 90,000 miles; no more than 3 owners. It should be plug_in_hybrid with a dual_clutch transmission and awd drivetrain, and it needs to fit seating for 8, no kids, no pets. Primary use cases are animals, cargo, work, so cargo matters a lot and my maintenance priority is luxury ok. Must-haves: sunroof, apple carplay, built in navigation, panoramic roof. Nice-to-haves: backup camera, premium audio, front parking sensors, lane keep assist. Please avoid: wireless charging, heated seats, ventilated seats. I prefer blue exterior, and I’m explicitly not shopping for wagon, convertible body styles.",,
prompt_091,I want off-road capability without any off-road downsides.,,
prompt_092,"I’m interested in a Subaru Outback for travel, under $32k.",,
prompt_093,Best value vehicle you’d recommend under $30k.,,
prompt_094,"I want a Toyota Camry SE, automatic, under $28k, preferably in black, with blind spot monitoring.",,
prompt_095,Looking for a hybrid vehicle to help reduce fuel costs. It should be mechanically sound and suitable for everyday commuting.,,
prompt_096,I really want modern features like CarPlay and safety tech because that makes daily driving nicer.,,
prompt_097,"I’m looking for a 2015+ Tesla Model 3 in the wagon category, located within 40 miles of San Luis Obispo, CA. Budget is under $25,000, with under 100,000 miles. It should be diesel-powered, have a automatic transmission and RWD drivetrain. Primary use will be commuting, road trips, outdoor trips, and ownership costs should stay performance-oriented. Must-have features include Android Auto, heated seats; nice to have premium audio, tow package, roof rack, and I want to avoid backup camera. Preferred exterior colors are white.",,
prompt_098,"I’m okay with average performance if the car is comfortable and reliable, under $28k.",,
prompt_099,"I want Apple CarPlay and Android Auto, but not a cluttered infotainment system.",,
prompt_100,"I’m trying to be practical, but I do care about comfort and tech. I’m looking for a 2019–2020 Ford Escape as my next truck and I want it between $20,000 and $35,000 with very high mileage; no more than 3 owners. It should be plug_in_hybrid with a automatic transmission and 4wd drivetrain, and it needs to fit seating for 6, 3 kids, 2 pets. Primary use cases are luxury, off_road, budget_value, so cargo matters a lot and my maintenance priority is balanced. Must-haves: android auto, built in navigation, memory seats. Nice-to-haves: third row seating, apple carplay. Please avoid: remote start, wireless charging. I prefer green exterior, and I’m explicitly not shopping for minivan, convertible, wagon body styles.",,
prompt_101,"I’m looking for a 2019+ Tesla Model Y in the coupe category, located within 15 miles of Phoenix, AZ. Budget is under $38,000, with moderate mileage. It should be plug-in hybrid-powered, have a dual-clutch transmission and AWD drivetrain. Primary use will be outdoor trips, family use, commuting, and ownership costs should stay luxury-acceptable. Must-have features include wireless charging, premium audio, roof rack, Apple CarPlay; nice to have remote start. Preferred exterior colors are gray, black.",,
prompt_102,"I want a car that encourages spirited driving, but I also want it to discourage risky behavior.",,
prompt_103,"I’m looking for a 2013+ Mazda CX-30 in the truck category, located within 50 miles of Sacramento, CA. Budget is under $22,000, with low mileage. It should be hybrid-powered, have a dual-clutch transmission and 4WD drivetrain. Primary use will be family use, and ownership costs should stay luxury-acceptable. Must-have features include premium audio, wireless charging, heated seats; nice to have sunroof, remote start, tow package. Preferred exterior colors are black.",,
prompt_104,"I do occasional road trips and haul gear sometimes, which is why cargo flexibility matters, but I still want to stay under $28,000.",,
prompt_105,"I’m looking for a 2016+ Tesla Model Y in the hatchback category, located within 20 miles of Rapid City, SD. Budget is under $38,000, with low mileage. It should be diesel-powered, have a CVT transmission and FWD drivetrain. Primary use will be commuting, and ownership costs should stay balanced. Must-have features include premium audio, third-row seating, sunroof, panoramic roof; nice to have blind spot monitoring. Preferred exterior colors are red, blue.",,
prompt_106,"I want a Mazda3 sedan, automatic, under $24k, with Android Auto and heated seats.",,
prompt_107,"Coupe with dual clutch transmission, under $42k.",,
prompt_108,Looking for a smaller pickup that's easy to drive daily but still useful for hauling bikes or outdoor gear on weekends.,,
prompt_109,"I want a Mazda3 hatchback, automatic, under $24k, with Android Auto and heated seats.",,
prompt_110,"I want a compact car that’s small and easy to park, but I also need lots of cargo space for trips.",,
prompt_111,"Wireless charging and keyless entry required, under $30k.",,
prompt_112,"I’m trying to be practical, but I do care about comfort and tech. I’m looking for a 2022–2024 Subaru Crosstrek as my next minivan within 20 miles of North Las Vegas, NV, and I want it between $18,000 and $30,000 with under 70,000 miles; one-owner. It should be gas with a dual_clutch transmission and rwd drivetrain, and it needs to fit seating for 5, 1 kid, 1 pet. Primary use cases are off_road, commute, so cargo is moderate and my maintenance priority is balanced. Must-haves: lane keep assist, panoramic roof, wireless charging, roof rack. Nice-to-haves: memory seats, blind spot monitoring, apple carplay. Please avoid: heated steering wheel, rear parking sensors, leather seats. I prefer brown exterior, and I’m explicitly not shopping for truck, sedan, hatchback body styles.",,
prompt_113,"I'm looking for a 2025 Lamborghini Revuelto, Verde Turbine Green, 0 miles, preferably with transport protection still intact.",,
prompt_114,"Performance Tuner Platform: Searching for a 2018–2021 Honda Civic Type R in good mechanical condition. Clean title required with no major accidents. Interior condition can be basic. Budget up to $35,000.",,
prompt_115,"I’m being pretty picky on specs because I plan to keep it for years. I’m looking for a 2018–2025 Subaru Crosstrek as my next minivan and I want it under $20,000 with very low mileage; owners not a major concern. It should be hybrid with a manual transmission and fwd drivetrain, and it needs to fit seating for 8, 1 kid, no pets. Primary use cases are budget_value, cargo, rideshare, so I want hatch access for loading and my maintenance priority is performance first. Must-haves: remote start, rear parking sensors, backup camera, heated steering wheel, roof rack. Nice-to-haves: keyless entry, wireless charging, panoramic roof. Please avoid: built in navigation, lane keep assist, apple carplay. I prefer gray or black exterior, and I’m explicitly not shopping for suv, wagon body styles.",,
prompt_116,"I’m looking for a 2020+ Lexus RX in the coupe category, located within 10 miles of Nashville, TN. Budget is under $25,000, with under 100,000 miles. It should be electric-powered, have a CVT transmission and 4WD drivetrain. Primary use will be city driving, family use, and ownership costs should stay luxury-acceptable. Must-have features include panoramic roof, heated steering wheel, wireless charging, remote start; nice to have premium audio. Preferred exterior colors are white, blue.",,
prompt_117,"I’m looking for a 2017+ Tesla Model Y in the crossover category, located within 15 miles of Cleveland, OH. Budget is under $25,000, with moderate mileage. It should be diesel-powered, have a manual transmission and AWD drivetrain. Primary use will be outdoor trips, commuting, and ownership costs should stay balanced. Must-have features include premium audio, panoramic roof, sunroof, heated seats; nice to have blind spot monitoring, and I want to avoid adaptive cruise control. Preferred exterior colors are silver.",,
prompt_118,"I’m prioritizing features that make everyday driving easier. I’m looking for a 2020–2024 Mazda Mazda3 as my next crossover and I want it between $22,000 and $28,000 with low mileage; no more than 3 owners. It should be gas with a cvt transmission and 4wd drivetrain, and it needs to fit seating for 7, 2 kids, 1 pet. Primary use cases are work, luxury, family, so I need fold-flat rear seats and my maintenance priority is luxury ok. Must-haves: apple carplay, keyless entry, adaptive cruise control, remote start. Nice-to-haves: leather seats, blind spot monitoring, built in navigation, lane departure warning. Please avoid: roof rack, wireless charging. I prefer red exterior, and I’m explicitly not shopping for hatchback, suv, coupe body styles.",,
prompt_119,"I’m being pretty picky on specs because I plan to keep it for years. I’m looking for a 2017–2020 Lexus RX as my next convertible within 10 miles of Henderson, NV, and I want it between $28,000 and $40,000 with very high mileage; owners not a major concern. It should be gas with a manual transmission and fwd drivetrain, and it needs to fit seating for 8, no kids, 2 pets. Primary use cases are work, animals, travel, so I want hatch access for loading and my maintenance priority is balanced. Must-haves: adaptive cruise control, sunroof, third row seating, keyless entry. Nice-to-haves: tow package, front parking sensors, wireless charging, ventilated seats. Please avoid: lane departure warning, backup camera. I prefer gray or green exterior, and I’m explicitly not shopping for hatchback body styles.",,
prompt_120,"I’m interested in a hybrid because fuel costs add up for me, and if I can find one under $30k with decent mileage, that would be ideal.",,
prompt_121,"I’m looking for a 2016+ Volkswagen Tiguan in the coupe category, located within 40 miles of Durham, NC. Budget is under $22,000, with under 80,000 miles. It should be gas-powered, have a dual-clutch transmission and RWD drivetrain. Primary use will be outdoor trips, pets, and ownership costs should stay luxury-acceptable. Must-have features include blind spot monitoring, heated seats; nice to have heated steering wheel, leather seats, tow package. Preferred exterior colors are blue, red.",,
prompt_122,"I want a Toyota Venza Hybrid, under $35k, with leather seats and premium audio.",,
prompt_123,"I want logic to guide my purchase, but I want to love the car emotionally.",,
prompt_124,"I’m looking for a 2017+ Mazda Mazda3 in the minivan category, located within 20 miles of Carson City, NV. Budget is under $30,000, with under 80,000 miles. It should be electric-powered, have a manual transmission and FWD drivetrain. Primary use will be road trips, and ownership costs should stay balanced. Must-have features include sunroof, wireless charging, adaptive cruise control; nice to have panoramic roof. Preferred exterior colors are blue.",,
prompt_125,I'm in the market for a compact car with low mileage that's easy to park and inexpensive to maintain. Automatic transmission preferred.,,
prompt_126,"I’m being pretty picky on specs because I plan to keep it for years. I’m looking for a 2012–2016 Nissan Rogue as my next minivan and I want it between $14,000 and $22,000 with does not matter mileage; owners not a major concern. It should be gas with a dual_clutch transmission and fwd drivetrain, and it needs to fit seating for 4, 1 kid, no pets. Primary use cases are pleasure, cargo, so I want hatch access for loading and my maintenance priority is low cost. Must-haves: adaptive cruise control, ventilated seats, panoramic roof. Nice-to-haves: tow package, third row seating. Please avoid: lane departure warning, remote start. I prefer gray exterior, and I’m explicitly not shopping for sedan, coupe body styles.",,
prompt_127,"Classic European Sports Car Restoration: Looking for a 1960s–1970s Porsche 911 or Jaguar E-Type. Engine and transmission condition are flexible, as a full restoration is planned. A straight chassis and minimal rust are essential. Interior condition is not a priority. Budget up to $60,000.",,
prompt_128,I want a car that feels well-rounded and easy to enjoy every day.,,
prompt_129,"I want something that ages well, but I don’t care about long-term wear.",,
prompt_130,"I want something practical for commuting and errands, but I don’t need extra rows of seats or massive cargo space, and I’d like it under $30k.",,
prompt_131,"Luxury Performance Daily Driver: In the market for a 2016–2019 BMW M3 or M4. Clean title required, with no major accidents. Prefer stock or lightly modified examples with full service records. Interior should be clean and well-kept. Exterior color flexible. Budget up to $55,000.",,
prompt_132,"Practical hatchback, automatic, budget value focus, under $18k, avoid leather seats.",,
prompt_133,"I’m focused on comfort and efficiency, not speed or excitement, and I want to stay under $26k.",,
prompt_134,"Under $25k, year 2018+, under 80k miles.",,
prompt_135,"I’m looking for a Kia Niro Hybrid, under $30k, with modern tech.",,
prompt_136,I want a vehicle that feels modern and comfortable without being luxurious.,,
prompt_137,"I want enough space for groceries and trips, but I’m not trying to move furniture regularly, with a budget of $31k.",,
prompt_138,"I’m prioritizing features that make everyday driving easier. I’m looking for a 2012–2020 Chevrolet Silverado 1500 as my next minivan and I want it between $27,000 and $35,000 with under 100,000 miles; no more than 3 owners. It should be electric with a automatic transmission and fwd drivetrain, and it needs to fit seating for 5, no kids, no pets. Primary use cases are luxury, pleasure, travel, so cargo is moderate and my maintenance priority is performance first. Must-haves: tow package, wireless charging, roof rack, leather seats. Nice-to-haves: rear parking sensors, heated seats. Please avoid: memory seats, apple carplay, remote start. I prefer black or brown exterior, and I’m explicitly not shopping for crossover, wagon, coupe body styles.",,
prompt_139,I want a fun car that never tempts me to drive aggressively.,,
prompt_140,"I want lots of advanced features, but I don’t want the car to feel complicated or distracting.",,
prompt_141,"I’m looking for a 2022+ Subaru Outback in the crossover category, located within 15 miles of Los Angeles, CA. Budget is under $25,000, with under 100,000 miles. It should be electric-powered, have a dual-clutch transmission and FWD drivetrain. Primary use will be cargo hauling, and ownership costs should stay luxury-acceptable. Must-have features include adaptive cruise control, leather seats; nice to have heated steering wheel. Preferred exterior colors are white, black.",,
prompt_142,"I want a crossover that feels comfortable for travel, but not a large SUV, and I need AWD with a budget under $34,000.",,
prompt_143,"I’m looking for a dependable Japanese sedan, like a Camry or Accord, automatic, under $28k, with modern safety features.",,
prompt_144,"Sporty hatchback, under $30k, low mileage preferred.",,
prompt_145,"I want something that feels like a smart decision, not an impulse buy.",,
prompt_146,"I want a CR-V, but not one with a third row, and it needs to be comfortable for travel.",,
prompt_147,"I want a Honda Civic, under $25k, preferably in blue, with Apple CarPlay.",,
prompt_148,"I’m looking for a truck that’s rugged and off-road capable, but I’ll mostly be driving it in the city.",,
prompt_149,"I want a 2019 Honda Accord, automatic, under $26k, with adaptive cruise control but Android Auto instead.",,
prompt_150,"I’m being pretty picky on specs because I plan to keep it for years. I’m looking for a 2015–2016 Hyundai Tucson as my next convertible within 10 miles of Spring Valley, NV, and I want it under $38,000 with under 50,000 miles; no more than 3 owners. It should be hybrid with a cvt transmission and 4wd drivetrain, and it needs to fit seating for 5, 2 kids, no pets. Primary use cases are cargo, family, work, so cargo is moderate and my maintenance priority is low cost. Must-haves: rear parking sensors, tow package, sunroof. Nice-to-haves: memory seats, android auto, keyless entry, blind spot monitoring. Please avoid: apple carplay, backup camera, ventilated seats. I prefer green exterior, and I’m explicitly not shopping for hatchback, coupe, crossover body styles.",,
prompt_151,"I want something that feels modern and well-equipped without being excessive. I’m looking for a 2015–2025 Volkswagen Golf GTI as my next truck and I want it under $28,000 with under 60,000 miles; no more than 3 owners. It should be mild_hybrid with a dual_clutch transmission and 4wd drivetrain, and it needs to fit seating for 5, 3 kids, 1 pet. Primary use cases are rideshare, commute, travel, so cargo matters a lot and my maintenance priority is luxury ok. Must-haves: ventilated seats, lane keep assist, premium audio, apple carplay, blind spot monitoring. Nice-to-haves: leather seats, front parking sensors, heated steering wheel. Please avoid: roof rack, android auto. I prefer black or blue exterior, and I’m explicitly not shopping for coupe body styles.",,
prompt_152,"I’m being pretty picky on specs because I plan to keep it for years. I’m looking for a 2017–2024 Toyota RAV4 as my next suv within 30 miles of Spring Valley, NV, and I want it between $39,000 and $45,000 with under 40,000 miles; owners not a major concern. It should be plug_in_hybrid with a automatic transmission and fwd drivetrain, and it needs to fit seating for 6, no kids, no pets. Primary use cases are family, work, budget_value, so cargo is low priority and my maintenance priority is low cost. Must-haves: remote start, heated seats, android auto, blind spot monitoring, lane departure warning. Nice-to-haves: lane keep assist, built in navigation. Please avoid: heated steering wheel, ventilated seats, third row seating. I prefer gray exterior, and I’m explicitly not shopping for hatchback body styles.",,
prompt_153,"I want heated seats, but not heated seats bundled into a luxury package that drives up costs.",,
prompt_154,"I want something that supports everyday travel, without extra work-oriented capability, under $30k.",,
prompt_155,"I’m looking for a 2019+ Nissan Leaf in the suv category, located within 30 miles of Fort Lauderdale, FL. Budget is under $38,000, with moderate mileage. It should be diesel-powered, have a dual-clutch transmission and RWD drivetrain. Primary use will be pets, and ownership costs should stay low-cost. Must-have features include roof rack, adaptive cruise control; nice to have Apple CarPlay, leather seats, heated seats, and I want to avoid premium audio. Preferred exterior colors are gray, green.",,
prompt_156,"I mostly commute during the week and do errands on weekends, so I’m looking for a reliable sedan with good fuel economy, preferably automatic, and I’d like to keep the budget under $22,000.",,
prompt_157,"Searching for a well-maintained minivan with seating for at least seven people. Entertainment features are a plus, but reliability is the priority.",,
prompt_158,"I want something cheap to buy, but expensive-feeling to own.",,
prompt_159,"I’m trying to stay under a strict budget, and even though I want reliability, I don’t want to exceed $18,000.",,
prompt_160,"I need a family vehicle that’s comfortable for longer trips, which is why I’m thinking SUV or minivan under $42,000.",,
prompt_161,"I’m looking for a RAV4 Hybrid, under $34k, but Apple CarPlay isn’t required.",,
prompt_162,"I’m looking for a 2014+ Toyota Camry in the crossover category, located within 25 miles of Somerville, MA. Budget is under $25,000, with moderate mileage. It should be hybrid-powered, have a dual-clutch transmission and FWD drivetrain. Primary use will be cargo hauling, road trips, outdoor trips, and ownership costs should stay low-cost. Must-have features include Apple CarPlay, tow package, premium audio; nice to have leather seats, wireless charging, remote start, and I want to avoid panoramic roof, heated steering wheel. Preferred exterior colors are black.",,
prompt_163,"I want a truck, but not a heavy-duty truck, and it’s only for light weekend work.",,
prompt_164,I think a crossover fits my needs best since I want flexibility without sacrificing fuel economy too much.,,
prompt_165,"I want something that feels modern and well-equipped without being excessive. I’m looking for a 2020–2024 Chevrolet Bolt EV as my next crossover and I want it between $20,000 and $35,000 with under 30,000 miles; owners not a major concern. It should be electric with a dual_clutch transmission and 4wd drivetrain, and it needs to fit seating for 5, 1 kid, no pets. Primary use cases are rideshare, animals, so cargo matters a lot and my maintenance priority is low cost. Must-haves: heated steering wheel, heated seats, leather seats. Nice-to-haves: adaptive cruise control, android auto. Please avoid: blind spot monitoring, built in navigation. I prefer silver exterior, and I’m explicitly not shopping for truck, hatchback, coupe body styles.",,
prompt_166,"I’m trying to be practical, but I do care about comfort and tech. I’m looking for a 2014–2020 Chevrolet Camaro as my next sedan within 40 miles of North Las Vegas, NV, and I want it between $22,000 and $32,000 with under 70,000 miles; one-owner. It should be gas with a cvt transmission and awd drivetrain, and it needs to fit seating for 7, 2 kids, 1 pet. Primary use cases are family, cargo, budget_value, so cargo matters a lot and my maintenance priority is performance first. Must-haves: backup camera, adaptive cruise control, third row seating, panoramic roof. Nice-to-haves: ventilated seats, tow package, heated steering wheel, blind spot monitoring. Please avoid: apple carplay, sunroof. I prefer brown exterior, and I’m explicitly not shopping for wagon, crossover, suv body styles.",,
prompt_167,"Under $40k, performance first priority.",,
prompt_168,"I want rugged styling and capability, but I want a smooth and quiet ride.",,
prompt_169,"I’m interested in a Camry Hybrid, under $30k, with good fuel economy and modern safety tech.",,
prompt_170,"Electric crossover, under $40k, mileage does not matter.",,
prompt_171,"I’m looking for a Toyota Prius, under $27k, with low mileage and Apple CarPlay.",,
prompt_172,"I’m looking for something with extremely low mileage, but I don’t care how old it is.",,
prompt_173,"I’m trying to be practical, but I do care about comfort and tech. I’m looking for a 2019–2025 Audi A4 as my next hatchback within 40 miles of Spring Valley, NV, and I want it under $30,000 with under 90,000 miles; owners not a major concern. It should be gas with a cvt transmission and 4wd drivetrain, and it needs to fit seating for 6, 3 kids, 2 pets. Primary use cases are family, luxury, so cargo is moderate and my maintenance priority is luxury ok. Must-haves: adaptive cruise control, tow package, front parking sensors, blind spot monitoring, heated seats. Nice-to-haves: wireless charging, panoramic roof, third row seating, lane departure warning. Please avoid: roof rack. I prefer blue exterior, and I’m explicitly not shopping for truck, crossover, coupe body styles.",,
prompt_174,"I like the idea of electric for commuting, but I want to keep the price under $35k.",,
prompt_175,"I’m prioritizing features that make everyday driving easier. I’m looking for a 2012–2024 Lexus RX as my next crossover and I want it under $35,000 with very low mileage; 2 owners max. It should be gas with a manual transmission and 4wd drivetrain, and it needs to fit seating for 2, 1 kid, 2 pets. Primary use cases are commute, off_road, luxury, so I need fold-flat rear seats and my maintenance priority is luxury ok. Must-haves: lane keep assist, apple carplay, wireless charging, memory seats, panoramic roof. Nice-to-haves: leather seats, adaptive cruise control, tow package. Please avoid: third row seating, heated seats, roof rack. I prefer red or silver exterior, and I’m explicitly not shopping for minivan body styles.",,
prompt_176,"I’m searching for a Honda CR-V, preferably AWD, under $29,000, automatic, with heated seats and backup camera as must-haves.",,
prompt_177,"I’m not super picky, I just want something that works well overall.",,
prompt_178,"I’m interested in a Subaru Forester, AWD, under $30k, with heated seats and roof rack.",,
prompt_179,"I’m being pretty picky on specs because I plan to keep it for years. I’m looking for a 2015–2019 Ford Maverick as my next crossover within 50 miles of Spring Valley, NV, and I want it between $39,000 and $45,000 with under 70,000 miles; owners not a major concern. It should be plug_in_hybrid with a automatic transmission and rwd drivetrain, and it needs to fit seating for 8, no kids, no pets. Primary use cases are pleasure, family, travel, so I need fold-flat rear seats and my maintenance priority is performance first. Must-haves: apple carplay, android auto, rear parking sensors, heated steering wheel, keyless entry. Nice-to-haves: third row seating, premium audio, roof rack. Please avoid: wireless charging, front parking sensors. I prefer gray or green exterior, and I’m explicitly not shopping for suv, coupe, sedan body styles.",,
prompt_180,"I’m interested in a low-profile vehicle that just works, under $27k.",,
prompt_181,"I want a modern-feeling car, but not overloaded with gimmicks.",,
prompt_182,Show me good all-around options under $35k with reasonable mileage.,,
prompt_184,"I'm looking for a familiar driving experience, without changing how I refuel or plan trips, and I want to stay under $28k.",,
prompt_185,"Sedan with strong performance but still practical, under $36k.",,
prompt_186,"I care more about usability than style, so a hatchback or wagon makes the most sense to me.",,
prompt_187,"I want a Toyota Tacoma, automatic, under $34k, with 4WD but no tow package.",,
prompt_188,"I’m being pretty picky on specs because I plan to keep it for years. I’m looking for a 2022–2024 Toyota Prius as my next hatchback within 25 miles of North Las Vegas, NV, and I want it under $30,000 with moderate mileage; owners not a major concern. It should be plug_in_hybrid with a cvt transmission and 4wd drivetrain, and it needs to fit seating for 6, 2 kids, 2 pets. Primary use cases are travel, family, so cargo is moderate and my maintenance priority is low cost. Must-haves: apple carplay, adaptive cruise control, panoramic roof. Nice-to-haves: third row seating, rear parking sensors, remote start, wireless charging. Please avoid: front parking sensors, blind spot monitoring, sunroof. I prefer silver or black exterior, and I’m explicitly not shopping for coupe, crossover body styles.",,
prompt_189,"Convertible, gas powertrain, under $35k.",,
prompt_190,"Commuter sedan for city driving, small footprint, mileage does not matter much, under $18k, must have Android Auto.",,
prompt_191,"I want a Toyota Venza Hybrid, under $35k, with cloth seats but premium audio.",,
prompt_192,I want a practical hatchback that’s good on gas and easy to live with day to day.,,
prompt_193,"I want a smart purchase, not an impulse buy, and my cap is around $28k.",,
prompt_194,"I’m trying to balance budget and comfort, and I want to stay under $30k while getting good features.",,
prompt_195,"I’m looking for an SUV-style vehicle that’s easy to drive daily, and I don’t want to go beyond $35k.",,
prompt_196,"I want a hybrid that prioritizes efficiency, but I don’t want to think about efficiency at all.",,
prompt_197,"I’m prioritizing features that make everyday driving easier. I’m looking for a 2014–2017 Jeep Grand Cherokee as my next crossover within 40 miles of Spring Valley, NV, and I want it between $8,000 and $15,000 with does not matter mileage; 2 owners max. It should be gas with a dual_clutch transmission and fwd drivetrain, and it needs to fit seating for 8, no kids, 2 pets. Primary use cases are off_road, budget_value, commute, so I need fold-flat rear seats and my maintenance priority is performance first. Must-haves: wireless charging, keyless entry, sunroof, heated seats, front parking sensors. Nice-to-haves: lane departure warning, blind spot monitoring. Please avoid: ventilated seats. I prefer blue or brown exterior, and I’m explicitly not shopping for coupe body styles.",,
prompt_198,"I want useful features, not gimmicks.",,
prompt_199,"I’m looking for a daily driver, but not something generic or forgettable.",,
prompt_200,"I’m searching for a Kia Telluride, under $42k, with third row seating, blind spot monitoring, and Apple CarPlay.",,
prompt_201,"Convertible for weekend fun, under $38k, prefer blue or red.",,
prompt_202,I want a car that makes sense financially and practically.,,
prompt_203,I’m looking for an all-wheel drive vehicle that still feels lightweight and nimble like a small sedan.,,
prompt_204,"JDM Enthusiast Build: Looking for a 1995–2002 Nissan Skyline R33 or R34 that is imported and titled. Engine condition is not critical, but the chassis must be straight and rust-free. Manual transmission strongly preferred. Interior condition not important. Budget up to $90,000 depending on trim and condition.",,
prompt_205,"I want a Toyota Sienna minivan, under $40k, with seating for seven and rear parking sensors.",,
prompt_206,"I’m looking for a Toyota 4Runner, under $42k, with 4WD and off-road capability.",,
prompt_207,"I want a Mazda3, but not the sedan, and I’m looking for the hatchback under $24k.",,
prompt_208,"I’m prioritizing features that make everyday driving easier. I’m looking for a 2021 Toyota Highlander as my next wagon within 30 miles of Spring Valley, NV, and I want it under $45,000 with under 60,000 miles; owners not a major concern. It should be diesel with a automatic transmission and 4wd drivetrain, and it needs to fit seating for 7, 1 kid, 2 pets. Primary use cases are pleasure, towing, off_road, so I want hatch access for loading and my maintenance priority is low cost. Must-haves: android auto, ventilated seats, rear parking sensors. Nice-to-haves: adaptive cruise control, built in navigation, premium audio. Please avoid: blind spot monitoring. I prefer silver or black exterior, and I’m explicitly not shopping for sedan, convertible, truck body styles.",,
prompt_209,"I want a vehicle that’s excellent for long road trips, but I rarely drive more than a few miles at a time.",,
prompt_210,"I want a car with strong acceleration, but I don’t want it to feel fast or aggressive.",,
prompt_211,"I want a Subaru WRX, manual preferred but automatic acceptable, under $36k, with AWD and performance focus.",,
prompt_212,"I'm looking for a 1969 Mustang Boss 429, grabber orange paint, fully functional shaker hood scoop, and pony car interior. Doesn't have to be perfect, but a very high-quality build.",,
prompt_213,"I want a unique and interesting car, but I also want proven long-term reliability.",,
prompt_214,"Looking for a comfortable daily driver with good tech, under $30k.",,
prompt_215,"Daily driver sedan, gas powertrain, low maintenance priority, under 80k miles, year 2017+, prefer black.",,
prompt_217,"I want something trail-ready, but I don't want any tradeoffs in comfort.",,
prompt_218,"I’m prioritizing features that make everyday driving easier. I’m looking for a 2015–2024 Hyundai Kona Electric as my next sedan and I want it between $17,000 and $25,000 with moderate mileage; owners not a major concern. It should be plug_in_hybrid with a manual transmission and rwd drivetrain, and it needs to fit seating for 7, 2 kids, no pets. Primary use cases are budget_value, cargo, pleasure, so I need fold-flat rear seats and my maintenance priority is performance first. Must-haves: wireless charging, tow package, heated seats. Nice-to-haves: panoramic roof, adaptive cruise control, leather seats, front parking sensors. Please avoid: android auto, apple carplay, keyless entry. I prefer blue exterior, and I’m explicitly not shopping for minivan body styles.",,
prompt_219,"I’m looking for a 2018+ BMW X3 in the coupe category, located within 30 miles of Fort Lauderdale, FL. Budget is under $28,000, with under 80,000 miles. It should be diesel-powered, have a automatic transmission and FWD drivetrain. Primary use will be commuting, pets, outdoor trips, and ownership costs should stay balanced. Must-have features include panoramic roof, heated steering wheel; nice to have remote start, and I want to avoid third-row seating. Preferred exterior colors are silver.",,
prompt_220,"I want something that feels like a safe, smart choice.",,
prompt_221,I want a pickup that can handle occasional work but still be comfortable to drive every day.,,
prompt_222,I want something that makes sense financially and practically.,,
prompt_221,"I'm shopping for a hatchback (not a suv). I want electric with FWD drivetrain and cvt transmission. between $26k and $32k. it has to have bluetooth; I'd like lane keep assist if possible; but skip third row seating. Use: some cargo space matters, I care about handling and acceleration. Try for 2020+ and under 90000 miles.",,
prompt_222,"I really want a coupe with plug_in_hybrid power, FWD, and a dual_clutch transmission. My budget is around $28000. It needs to handle pleasure, towing, family use. It must have premium audio, roof rack; I don't want tow package. Nice to have panoramic roof, sunroof. Prefer 2021+ and under 80000 miles. If possible, Hyundai Sonata.",,
prompt_223,"I'm shopping for a wagon (not a van). I want a plug-in hybrid with 4WD drivetrain and manual transmission. hard cap at $30k. it has to have third row seating; I'd like heated seats if possible; but skip sliding doors. Use: 1 dogs sometimes, I haul gear. Try for 2022+ and under 90000 miles.",,
prompt_224,"Vehicle with premium audio and built-in navigation, under $40k.",,
prompt_225,"I really want a crossover with diesel power, 4WD, and a dual_clutch transmission. My budget is around $35000. It needs to handle pleasure use. It must have roof rack, backup camera; I'd like to avoid leather seats. Nice to have panoramic roof, blind spot monitoring. Prefer 2019+ and under 60000 miles. If possible, Volkswagen Golf.",,
prompt_227,"I'm after a minivan with hybrid power, RWD, and a automatic transmission. My budget is around $30000. It needs to handle commute, animals use. It must have heated seats, panoramic roof; please don't show me roof rack. Nice to have lane keep assist, sunroof. Prefer 2022+ and under 80000 miles. If possible, Mazda CX-5.",,
prompt_229,"I'd prefer a wagon with electric power, RWD, and a manual transmission. My budget is around $30000. It needs to handle work_light use. It must have remote start, blind spot monitoring; please don't show me leather seats. Nice to have lane keep assist, heated seats. Prefer 2022+ and under 45000 miles. If possible, Ford Mustang.",,
prompt_230,"I’m looking for a 2019+ Kia Niro in the wagon category, located within 40 miles of Missoula, MT. Budget is under $30,000, with under 60,000 miles. It should be hybrid-powered, have a CVT transmission and AWD drivetrain. Primary use will be city driving, cargo hauling, and ownership costs should stay balanced. Must-have features include sunroof, blind spot monitoring; nice to have panoramic roof, Apple CarPlay. Preferred exterior colors are brown, black.",,
prompt_231,"I’m looking for a 2015+ Mazda Mazda3 in the suv category, located within 10 miles of Jersey City, NJ. Budget is under $38,000, with under 40,000 miles. It should be diesel-powered, have a CVT transmission and AWD drivetrain. Primary use will be commuting, and ownership costs should stay luxury-acceptable. Must-have features include Android Auto, third-row seating, panoramic roof; nice to have Apple CarPlay, backup camera, sunroof, and I want to avoid remote start, heated steering wheel. Preferred exterior colors are brown.",,
prompt_232,"I’m looking for a 2013+ Honda CR-V in the wagon category, located within 30 miles of Brooklyn, NY. Budget is under $30,000, with under 60,000 miles. It should be electric-powered, have a manual transmission and RWD drivetrain. Primary use will be pets, city driving, cargo hauling, and ownership costs should stay balanced. Must-have features include premium audio, adaptive cruise control; nice to have third-row seating, backup camera, Apple CarPlay, and I want to avoid panoramic roof, remote start. Preferred exterior colors are black.",,
prompt_233,"SUV for school runs and trips, heated seats required, under $36k.",,
prompt_234,"I’m optimizing for daily usability and low hassle ownership. I’m looking for a 2018–2025 Chevrolet Bolt EV as my next minivan within 20 miles of Summerlin (Las Vegas), and I want it under $15,000 with under 70,000 miles; owners not a major concern. It should be mild_hybrid with a dual_clutch transmission and fwd drivetrain, and it needs to fit seating for 5, no kids, 2 pets. Primary use cases are animals, work, luxury, so cargo is low priority and my maintenance priority is balanced. Must-haves: keyless entry, heated seats, heated steering wheel, adaptive cruise control. Nice-to-haves: tow package, apple carplay, ventilated seats, panoramic roof. Please avoid: built in navigation. I prefer brown exterior, and I’m explicitly not shopping for truck, sedan, wagon body styles.",,
prompt_235,"Compact truck, fuel economy medium priority, under $27k.",,
prompt_236,"I'd prefer a sedan with hybrid power, AWD, and a automatic transmission. My budget is around $32000. It needs to handle pleasure, family use. It must have leather seats, tow package; I'm not interested in lane keep assist. Nice to have roof rack, adaptive cruise control. Prefer 2020+ and under 45000 miles. If possible, Ford Mustang.",,
prompt_237,"Pleasure car, performance first priority, under $50k.",,
prompt_238,"I’m looking for an Accord EX, under $27k, with blind spot monitoring.",,
prompt_240,"I'm shopping for a suv (not a coupe). I want a plug-in hybrid with FWD drivetrain and manual transmission. prefer $30k, absolute ceiling $34k. it has to have roof rack; I'd like premium audio if possible; but skip heated seats. Use: 2 dogs sometimes, at least 5 seats, some cargo space matters. If possible, Chevrolet Tahoe. Try for 2022+ and under 45000 miles.",,
prompt_241,"I'm after a minivan with diesel power, 4WD, and a manual transmission. My budget is around $30000. It needs to handle travel, animals, commute use. It must have lane keep assist, premium audio; I'd like to avoid adaptive cruise control. Nice to have roof rack, panoramic roof. Prefer 2021+ and under 80000 miles. If possible, Hyundai Sonata.",,
prompt_242,"I'm shopping for a convertible. I want electric with FWD drivetrain and dual_clutch transmission. I'd rather stay in the high 20s. it has to have sunroof; I'd like adaptive cruise control if possible; but skip backup camera, tow package. Use: I haul gear.",,
prompt_244,"Show me all Honda Civic FL5s in a 150-mile radius of Dallas, TX with less than 10,000 miles that are on Honda dealer lots.",,
prompt_245,"I’m looking for a 2021+ Jeep Grand Cherokee in the minivan category, located within 15 miles of Plano, TX. Budget is under $25,000, with under 80,000 miles. It should be gas-powered, have a manual transmission and FWD drivetrain. Primary use will be pets, and ownership costs should stay low-cost. Must-have features include blind spot monitoring, panoramic roof, adaptive cruise control, sunroof; nice to have backup camera, Android Auto, heated steering wheel, and I want to avoid third-row seating, wireless charging. Preferred exterior colors are silver.",,
prompt_246,"Modern Performance Platform for Modification: Searching for a 2015–2020 Ford Mustang GT. Manual preferred but automatic considered. Clean title required. Light modifications are acceptable, but I'm mainly interested in a solid, unmodified platform for future performance upgrades. Interior condition should be good, exterior color flexible. Budget up to $38,000.",,
prompt_247,"I’m optimizing for daily usability and low hassle ownership. I’m looking for a 2017 Subaru Outback as my next crossover within 25 miles of Las Vegas, NV, and I want it between $35,000 and $45,000 with does not matter mileage; no more than 3 owners. It should be hybrid with a dual_clutch transmission and awd drivetrain, and it needs to fit seating for 5, 3 kids, no pets. Primary use cases are family, cargo, so cargo is moderate and my maintenance priority is performance first. Must-haves: ventilated seats, premium audio, lane keep assist. Nice-to-haves: built in navigation, android auto. Please avoid: backup camera. I prefer white exterior, and I’m explicitly not shopping for truck, hatchback body styles.",,
prompt_250,"I’m interested in a Chevy Bolt EV, under $28k, for city driving.",,
prompt_251,"I want a Mercedes-Benz GLC, automatic, under $40k, with heated seats and modern safety tech.",,
prompt_252,"I’m looking for a Tesla Model 3, under $38k, with low mileage, and I want heated seats and modern infotainment.",,
prompt_255,"I'm shopping for a coupe. I want a plug-in hybrid with 4WD drivetrain and dual_clutch transmission. between $26k and $32k. it has to have lane departure warning, front parking sensors; I'd like adaptive cruise control if possible; but skip rear parking sensors. Use: general daily driving. If possible, Toyota RAV4. Try for 2018+ and under 90000 miles.",,
prompt_257,"I'm shopping for a convertible. I want electric with AWD drivetrain and any transmission. keep it around $30k—give or take a bit. it has to have leather seats, front parking sensors; I'd like ventilated seats, blind spot monitoring if possible; but skip heated seats. Use: at least 5 seats. Try for 2021+ and under 45000 miles.",,
prompt_258,"I'm shopping for a crossover (not a minivan). I want diesel with RWD drivetrain and manual transmission. I'd like to be near $30k, but I could stretch to $33k. it has to have lane departure warning; I'd like keyless entry, sliding doors if possible; but skip remote start, memory seats. Use: some cargo space matters, I care about handling and acceleration. Try for 2018+ and under 45000 miles.",,
prompt_259,"I'm shopping for a hatchback (not a crossover). I want a mild hybrid with AWD drivetrain and other transmission. around thirty grand, ideally a little under. it has to have wireless charging; I'd like rear parking sensors if possible; but skip blind spot monitoring, memory seats. Use: 3 kids most days, at least 6 seats, some cargo space matters, light towing on weekends. Prefer 2019 or newer.",,
prompt_260,"I'm looking for a suv with electric power, RWD, and a automatic transmission. My budget is around $28000. It needs to handle commute, pleasure use. It must have backup camera, remote start; I'd like to avoid leather seats. Nice to have adaptive cruise control, sunroof. Prefer 2019+ and under 80000 miles. If possible, Toyota Camry.",,
prompt_261,"I'm shopping for a sedan. I want electric with RWD drivetrain and dual_clutch transmission. between $26k and $32k. it has to have memory seats, heated steering wheel; I'd like adaptive cruise control if possible; but skip third row seating, heated seats. Use: I care about handling and acceleration. Try for 2021+ and under 75000 miles.",,
prompt_263,"I'm shopping for a truck (not a wagon). I want electric with AWD drivetrain and any transmission. between $26k and $32k. it has to have built in navigation, remote start; I'd like backup camera, bluetooth if possible; but skip sunroof. Use: general daily driving. Try for 2021+ and under 60000 miles.",,
prompt_264,"I'm shopping for a truck (not a suv). I want a mild hybrid with FWD drivetrain and any transmission. I'd rather stay in the high 20s. it has to have panoramic roof; I'd like heated steering wheel if possible; but skip heated seats, rear parking sensors. Use: I haul gear, light towing on weekends. Try for 2022+ and under 75000 miles.",,
prompt_267,"I'm shopping for a minivan (not a van). I want diesel with FWD drivetrain and automatic transmission. between $26k and $32k. it has to have sunroof, sliding doors; I'd like front parking sensors if possible; but skip rear parking sensors, backup camera. Use: general daily driving. If possible, Audi A4. Try for 2019+ and under 45000 miles.",,
prompt_268,"Hatchback daily driver, fuel economy high priority, under $20k, mileage under 85k.",,
prompt_269,"I'm shopping for a crossover (not a minivan). I want diesel with RWD drivetrain and manual transmission. I'd like to be near $30k, but I could stretch to $33k. it has to have lane departure warning; I'd like keyless entry, sliding doors if possible; but skip remote start, memory seats. Use: some cargo space matters, I care about handling and acceleration. Try for 2018+ and under 45000 miles.",,
prompt_271,"I'm shopping for a van (not a convertible). I want gas with FWD drivetrain and manual transmission. I'd rather stay in the high 20s. it has to have lane keep assist; I'd like wireless charging, built in navigation if possible; but skip heated steering wheel, sliding doors. Use: at least 5 seats, some cargo space matters, I care about handling and acceleration. If possible, Ford Mustang. Try for 2020+ and under 75000 miles.",,
prompt_273,"I'm looking for a wagon with electric power, FWD, and a automatic transmission. My budget is around $32000. It needs to handle towing use. It must have panoramic roof, roof rack; I'd like to avoid tow package. Nice to have backup camera, apple carplay. Prefer 2022+ and under 45000 miles. If possible, Ford Mustang.",,
prompt_275,"I'm shopping for a sedan. I want electric with FWD drivetrain and cvt transmission. under $29k out the door. it has to have lane departure warning; I'd like front parking sensors, panoramic roof if possible; but skip roof rack, blind spot monitoring. Use: general daily driving. Prefer 2022 or newer.",,
prompt_276,"I’m looking for a 2021+ Lexus RX in the coupe category, located within 50 miles of Charlotte, NC. Budget is under $42,000, with under 100,000 miles. It should be gas-powered, have a automatic transmission and 4WD drivetrain. Primary use will be outdoor trips, cargo hauling, commuting, and ownership costs should stay low-cost. Must-have features include third-row seating, backup camera; nice to have premium audio, and I want to avoid Android Auto, roof rack. Preferred exterior colors are gray.",,
prompt_277,"I'm shopping for a crossover (not a wagon). I want a plug-in hybrid with RWD drivetrain and automatic transmission. prefer $30k, absolute ceiling $34k. it has to have wireless charging, heated steering wheel; I'd like leather seats if possible; but skip blind spot monitoring, lane departure warning. Use: at least 5 seats, I care about handling and acceleration. Try for 2022+ and under 90000 miles.",,
prompt_279,"I’m interested in a Mazda CX-5, AWD, automatic, under $31k, with heated seats and Apple CarPlay.",,
prompt_280,"I'm shopping for a van (not a hatchback). I want diesel with RWD drivetrain and cvt transmission. I'd like to be near $30k, but I could stretch to $33k. it has to have panoramic roof; I'd like front parking sensors, wireless charging if possible; but skip backup camera. Use: I haul gear, I care about handling and acceleration. Prefer 2020 or newer.",,
prompt_281,"I’m looking for a 2013+ Jeep Grand Cherokee in the truck category, located within 20 miles of Missoula, MT. Budget is under $42,000, with under 80,000 miles. It should be electric-powered, have a manual transmission and RWD drivetrain. Primary use will be pets, commuting, outdoor trips, and ownership costs should stay low-cost. Must-have features include roof rack, remote start, Android Auto, backup camera; nice to have wireless charging, Apple CarPlay, and I want to avoid third-row seating. Preferred exterior colors are brown.",,
prompt_283,"I'm shopping for a hatchback (not a coupe). I want a hybrid with 4WD drivetrain and other transmission. I'd like to be near $30k, but I could stretch to $33k. it has to have sliding doors, heated seats; I'd like wireless charging, lane departure warning if possible; but skip apple carplay, premium audio. Use: at least 5 seats, some cargo space matters. Try for 2022+ and under 90000 miles.",,
prompt_286,"I'm shopping for a crossover. I want a mild hybrid with RWD drivetrain and dual_clutch transmission. $30k-ish, but I'd love closer to $27k. it has to have third row seating, leather seats; I'd like remote start if possible; but skip apple carplay, front parking sensors. Use: 3 kids most days, 2 dogs sometimes, at least 5 seats. If possible, Volkswagen Golf. Prefer 2019 or newer.",,
prompt_287,"I’m looking for a 2020 Toyota Camry, automatic, under $27k, with Apple CarPlay but no heated seats, and I’d prefer a lighter interior.",,
prompt_292,"Looking for a cute camper van with an automatic transmission. Preferred colors are yellow, pink, or green. It should have a cute steering wheel and interior. Budget is $20,000.",,
prompt_293,"I'm shopping for a suv (not a van). I want electric with any drivetrain and other transmission. between $26k and $32k. it has to have backup camera, ventilated seats; I'd like leather seats, premium audio if possible; but skip remote start. Use: at least 5 seats, some cargo space matters. If possible, Ford Mustang. Try for 2021+ and under 75000 miles.",,
prompt_294,"Show me all 2015 Lexus SC under $25000, with ventilated seats, no remote start.",,
prompt_295,"Show me Plymouth Breeze convertible vehicles max $25000, with apple carplay, no panoramic roof.",,
prompt_296,Show me minivan vehicles under $15000.,,
prompt_297,"Show me other transmission cars within 50 miles, no leather seats.",,
prompt_298,"Show me Dodge Monaco van vehicles up to $20000, with apple carplay.",,
prompt_299,"Show me all 2013 Subaru SVX max $15000, with premium audio.",,
prompt_300,"Show me all 2021 Subaru Brat approximately $30000, with backup camera, no adaptive cruise control.",,
prompt_301,"Show me sedan vehicles below $20000, with lane keep assist.",,
prompt_302,"Show me Jaguar XK coupe vehicles up to $30000, with rear entertainment system, no adaptive cruise control.",,
prompt_303,"Show me suv vehicles max $25000, with wireless charging.",,
prompt_304,"Show me automatic transmission cars within 100 miles, no keyless entry.",,
prompt_305,Show me all 2017 Ford Flex up to $15000.,,
prompt_306,"Show me dual_clutch transmission cars within 25 miles, no leather seats.",,
prompt_307,Show me truck vehicles approximately $35000.,,
prompt_308,"Show me all 2014 Jeep Patriot under $30000, with panoramic roof, no sliding doors.",,
prompt_309,"Show me all 2021 Toyota Prius c below $35000, with tow package, no bluetooth.",,
prompt_310,"Show me sedan vehicles under $25000, no heated steering wheel.",,
prompt_311,"Show me truck vehicles approximately $35000, with adaptive cruise control.",,
prompt_312,"Show me other transmission cars within 100 miles, no bluetooth.",,
prompt_313,"Show me RWD cars within 10 miles, with wireless charging.",,
prompt_314,"Show me automatic transmission cars within 25 miles, with panoramic sunroof.",,
prompt_316,"Show me all 2013 Audi 200 under $35000, with panoramic roof.",,
prompt_317,"Show me other transmission cars within 10 miles, with lane keep assist, no memory seats.",,
prompt_318,"Show me Chevrolet Citation hatchback vehicles approximately $40000, no lane keep assist.",,
prompt_319,"Show me Lexus IS crossover vehicles up to $40000, no premium audio.",,
prompt_320,"Show me all 2012 Audi S5 below $20000, no wireless charging.",,
prompt_321,"Show me Toyota Sienna wagon vehicles up to $20000, no keyless entry.",,
prompt_322,Show me all 2013 Mazda RX-8 approximately $40000.,,
prompt_323,"Show me dual_clutch transmission cars within 75 miles, no keyless entry.",,
prompt_324,Show me Mercedes-Benz SL-Class dual_clutch transmission cars within 25 miles.,,
prompt_325,"Show me Mazda MX-6 cvt transmission cars within 100 miles, with blind spot monitoring, no front parking sensors.",,
prompt_326,"Show me Hyundai Equus other transmission cars within 75 miles, with keyless entry, no sunroof.",,
prompt_327,"Show me Isuzu Oasis truck vehicles below $30000, no panoramic roof.",,
prompt_328,"Show me Scion tC other transmission cars within 10 miles, with heated seats.",,
prompt_329,"Show me AWD cars within 50 miles, with sliding doors, no premium audio.",,
prompt_330,Show me all 2019 Lexus LS Hybrid up to $30000.,,
prompt_331,Show me crossover vehicles under $30000.,,
prompt_332,"Show me all 2015 Subaru SVX under $25000, no wireless charging.",,
prompt_334,"Show me hatchback vehicles max $30000, no rear entertainment system.",,
prompt_335,"Show me BMW X5 AWD cars within 50 miles, with roof rack.",,
prompt_336,Show me coupe vehicles below $20000.,,
prompt_337,"Show me Saab 9-5 cvt transmission cars within 100 miles, with apple carplay.",,
prompt_339,Show me all 2018 Toyota 4Runner approximately $25000.,,
prompt_340,"Show me Kia Sephia FWD cars within 10 miles, no heated seats.",,
prompt_341,"Show me sedan vehicles max $30000, no sliding doors.",,
prompt_342,"Show me all 2013 Audi A8 up to $40000, with third row seating.",,
prompt_343,"Show me Dodge Ram 2500 FWD cars within 100 miles, no android auto.",,
prompt_344,"Show me truck vehicles max $20000, with rear entertainment system.",,
prompt_345,Show me Chevrolet Caprice sedan vehicles below $20000.,,
prompt_346,Show me Pontiac Firefly FWD cars within 50 miles.,,
prompt_347,"Show me Volkswagen Routan 4WD cars within 50 miles, with rear entertainment system, no third row seating.",,
prompt_348,"Show me all 2016 Honda Accord below $30000, with sliding doors.",,
prompt_349,"Show me all 2014 Jeep Liberty max $30000, with memory seats, no rear parking sensors.",,
prompt_350,"Show me all 2017 Honda Insight under $25000, with roof rack.",,
prompt_351,"Show me Chevrolet Monte Carlo hatchback vehicles max $30000, with lane keep assist, no roof rack.",,
prompt_352,"Show me all 2021 Subaru Impreza WRX below $40000, with heated steering wheel.",,
prompt_354,Show me Subaru Legacy dual_clutch transmission cars within 75 miles.,,
prompt_355,Show me Nissan Quest 4WD cars within 50 miles.,,
prompt_356,"Show me cvt transmission cars within 50 miles, with rear parking sensors.",,
prompt_357,"Show me dual_clutch transmission cars within 50 miles, with heated steering wheel.",,
prompt_358,"Show me Audi A8 AWD cars within 25 miles, with lane departure warning, no sunroof.",,
prompt_359,"Show me FWD cars within 50 miles, with wireless charging, no premium audio.",,
prompt_360,"Show me wagon vehicles under $20000, with leather seats, no panoramic sunroof.",,
prompt_361,"Show me coupe vehicles max $25000, no heated seats.",,
prompt_362,"Show me all 2016 Ford Th!nk max $40000, with panoramic sunroof.",,
prompt_363,"Show me automatic transmission cars within 25 miles, no wireless charging.",,
prompt_364,Show me sedan vehicles below $35000.,,
prompt_365,"Show me AWD cars within 50 miles, with heated steering wheel.",,
prompt_366,"Show me van vehicles approximately $15000, with panoramic sunroof, no wireless charging.",,
prompt_367,"Show me RWD cars within 75 miles, no tow package.",,
prompt_368,"Show me cvt transmission cars within 100 miles, with android auto.",,
prompt_370,"Show me Subaru Legacy other transmission cars within 100 miles, no panoramic sunroof.",,
prompt_371,"Show me all 2015 Lexus IS-F below $20000, with sliding doors.",,
prompt_372,"Show me Saturn VUE dual_clutch transmission cars within 100 miles, with roof rack.",,
prompt_373,Show me all 2021 Toyota Celica under $15000.,,
prompt_374,"Show me BMW X5 dual_clutch transmission cars within 75 miles, no tow package.",,
prompt_377,"Show me all 2021 Ford F350 below $40000, with ventilated seats, no leather seats.",,
prompt_378,"Show me MINI Cooper other transmission cars within 100 miles, with memory seats, no rear parking sensors.",,
prompt_379,"Show me Chevrolet Lumina APV coupe vehicles below $30000, no sunroof.",,
prompt_380,Show me Suzuki SX4 AWD cars within 50 miles.,,
prompt_381,"Show me other transmission cars within 100 miles, with sliding doors, no sunroof.",,
prompt_382,"Show me convertible vehicles around $30000, with leather seats.",,
prompt_383,"Show me Nissan 240SX RWD cars within 100 miles, with ventilated seats.",,
prompt_384,"Show me all 2012 Toyota Land Cruiser below $30000, with sunroof.",,
prompt_385,"Show me Audi TT RWD cars within 25 miles, with lane keep assist.",,
prompt_386,"Show me Ford Explorer crossover vehicles under $30000, with memory seats, no keyless entry.",,
prompt_387,Show me all 2020 BMW 8 Series under $30000.,,
prompt_389,"Show me all 2014 Chevrolet Metro approximately $35000, with front parking sensors, no premium audio.",,
prompt_390,"Show me Maserati Quattroporte AWD cars within 25 miles, with wireless charging.",,
prompt_391,"Show me Mitsubishi Pajero hatchback vehicles approximately $35000, with bluetooth, no wireless charging.",,
prompt_392,"Show me all 2014 Subaru Justy approximately $40000, no roof rack.",,
prompt_393,"Show me Jaguar XJ Series minivan vehicles below $30000, with built in navigation, no wireless charging.",,
prompt_394,"Show me RWD cars within 100 miles, no lane departure warning.",,
prompt_395,"Show me suv vehicles max $35000, with bluetooth.",,
prompt_396,Show me Kia Soul hatchback vehicles approximately $40000.,,
prompt_397,"Show me AWD cars within 25 miles, with android auto.",,
prompt_398,"Show me Nissan 370Z hatchback vehicles around $40000, no lane departure warning.",,
prompt_399,"Show me sedan vehicles max $20000, no wireless charging.",,
prompt_400,"Show me convertible vehicles around $25000, no panoramic roof.",,
prompt_401,Show me all chevrolet tahoes under 140k,,
prompt_402,Show me all porsche macans around 80k,,
prompt_403,Show me all automatic hyundai tucsons around $70k with under 180k miles,,
prompt_404,Show me all manual nissan rogues under $85k with under 20k miles,,
prompt_405,Show me all chevrolet silverados around $100k USD,,
prompt_406,Show me all automatic mazda miatas under $85k around 90k miles,,
prompt_407,Show me all manual volkswagen tiguans around $35k,,
prompt_408,Show me all manual volkswagen golfs around 55k,,
prompt_409,Show me all dodge challengers around $130k USD,,
prompt_410,Show me all automatic chevrolet corvettes under 30k with under 75k miles,,
prompt_411,Show me all ford mustangs under $55k USD,,
prompt_412,Show me all audi a4s around $110k USD,,
prompt_413,Show me all audi r8s around $120k USD,,
prompt_414,Show me all kia stingers around 55k,,
prompt_415,Show me all nissan gt-rs around 130k,,
prompt_416,Show me all manual chevrolet corvettes under 25k with under 50k miles,,
prompt_417,Show me all nissan altimas around $20k USD,,
prompt_418,Show me all manual porsche 911s under 95k and with under 150k miles,,
prompt_419,Show me all manual volkswagen jettas under 95k with under 40k miles,,
prompt_420,Show me all manual mazda miatas under 30k around 30k miles,,
prompt_421,Show me all dodge rams under $100k USD,,
prompt_422,Show me all manual chevrolet corvettes around 70k and around 150k miles,,
prompt_423,Show me all automatic acura mdxs around 110k and with under 75k miles,,
prompt_424,Show me all porsche macans around 35k,,
prompt_425,Show me all automatic dodge challengers around 80k under 200k miles,,
prompt_426,Show me all manual volkswagen tiguans under 95k and with under 150k miles,,
prompt_427,Show me all manual ford mustangs around 75k,,
prompt_428,Show me all manual tesla model ys around $110k with under 180k miles,,
prompt_429,Show me all automatic tesla model ss around $130k and with under 150k miles,,
prompt_430,Show me all jeep wranglers under 35k,,
prompt_431,Show me all automatic hyundai elantras under $55k and under 120k miles,,
prompt_432,Show me all ford mustangs around $25k USD,,
prompt_433,Show me all subaru wrxs around $100k USD,,
prompt_434,Show me all automatic nissan gt-rs under $130k and around 180k miles,,
prompt_435,Show me all automatic honda civics around $130k,,
prompt_436,Show me all manual bmw x5s around $130k and around 150k miles,,
prompt_437,Show me all automatic toyota tacomas under $140k and with under 120k miles,,
prompt_438,Show me all bmw 3 seriess under $150k USD,,
prompt_439,Show me all automatic mazda cx-5s under $90k and around 90k miles,,
prompt_440,Show me all automatic chevrolet camaros under $150k and with under 100k miles,,
prompt_441,Show me all automatic nissan 370zs around $95k,,
prompt_442,Show me all mercedes-benz gles around $75k USD,,
prompt_443,Show me all manual porsche cayennes under $25k and with under 180k miles,,
prompt_444,Show me all automatic ford f-150s under $120k,,
prompt_445,Show me all automatic kia optimas under $25k under 75k miles,,
prompt_446,Show me all automatic chevrolet tahoes around $130k,,
prompt_447,Show me all automatic subaru wrxs around $90k,,
prompt_448,Show me all audi a4s under $140k USD,,
prompt_449,Show me all automatic mazda cx-5s under $130k,,
prompt_450,Show me all automatic porsche cayennes under $110k with under 120k miles,,
prompt_451,Show me all manual ford f-150s around $95k,,
prompt_452,Show me all toyota tacomas under $25k USD,,
prompt_453,Show me all automatic chevrolet corvettes under 60k and under 150k miles,,
prompt_454,Show me all automatic dodge challengers under 40k around 40k miles,,
prompt_455,Show me all automatic toyota corollas around 60k with under 100k miles,,
prompt_456,Show me all nissan 370zs under $25k USD,,
prompt_457,Show me all honda pilots around $110k USD,,
prompt_458,Show me all automatic tesla model 3s under $90k and under 180k miles,,
prompt_459,Show me all manual subaru foresters under $120k,,
prompt_460,Show me all automatic bmw x5s around $20k and under 150k miles,,
prompt_461,Show me all manual acura mdxs under $25k,,
prompt_462,Show me all automatic toyota camrys under $110k and under 75k miles,,
prompt_463,Show me all automatic ford explorers under $45k around 60k miles,,
prompt_464,Show me all automatic honda civics under 120k and around 100k miles,,
prompt_465,Show me all manual mercedes-benz c-classs around $50k around 60k miles,,
prompt_466,Show me all automatic audi r8s under $35k and around 60k miles,,
prompt_467,Show me all automatic mazda cx-5s under $70k,,
prompt_468,Show me all manual subaru wrxs under $40k under 150k miles,,
prompt_469,Show me all tesla model 3s around $130k USD,,
prompt_470,Show me all toyota tacomas under $45k USD,,
prompt_471,Show me all automatic nissan gt-rs around $120k and under 150k miles,,
prompt_472,Show me all automatic kia optimas under 45k with under 30k miles,,
prompt_473,Show me all automatic tesla model ss around $65k around 150k miles,,
prompt_474,Show me all automatic hyundai elantras around $55k,,
prompt_475,Show me all automatic lexus rxs around 50k and around 180k miles,,
prompt_476,Show me all automatic tesla model ss around $20k with under 120k miles,,
prompt_477,Show me all chevrolet camaros around $80k USD,,
prompt_478,Show me all manual volkswagen golfs under $25k,,
prompt_479,Show me all kia optimas under 140k,,
prompt_480,Show me all automatic volkswagen golfs around 55k and with under 180k miles,,
prompt_481,Show me all manual audi r8s around 130k with under 60k miles,,
prompt_482,Show me all automatic dodge challengers around $25k under 120k miles,,
prompt_483,Show me all automatic mercedes-benz gles around $95k and around 120k miles,,
prompt_484,Show me all manual dodge challengers under $100k with under 180k miles,,
prompt_485,Show me all volkswagen jettas under $50k USD,,
prompt_486,Show me all manual mazda 3s under $110k under 25k miles,,
prompt_487,Show me all automatic toyota rav4s under 100k and around 60k miles,,
prompt_488,Show me all manual chevrolet tahoes under 40k around 150k miles,,
prompt_489,Show me all automatic lexus ess around $130k with under 180k miles,,
prompt_490,Show me all manual bmw 5 seriess under $65k,,
prompt_491,Show me all automatic subaru foresters under $50k,,
prompt_492,Show me all automatic lexus iss under $75k and around 120k miles,,
prompt_493,Show me all manual mazda 3s under $65k and under 15k miles,,
prompt_494,Show me all manual dodge challengers around $25k and under 80k miles,,
prompt_495,Show me all automatic tesla model ys under 30k with under 180k miles,,
prompt_496,Show me all acura tlxs under $75k USD,,
prompt_497,Show me all automatic dodge rams under 35k,,
prompt_498,Show me all automatic honda civics around 80k,,
prompt_499,Show me all automatic mercedes-benz e-classs under $140k around 60k miles,,
prompt_500,Show me all manual ford explorers around 110k around 180k miles,,
prompt_501,Show me all automatic jeep wranglers under $150k under 180k miles,,
prompt_502,Show me all automatic dodge challengers around $130k,,
prompt_503,Show me all audi a4s around 140k,,
prompt_504,Show me all mazda miatas under 35k,,
prompt_505,Show me all manual nissan altimas under 110k and around 150k miles,,
prompt_506,Show me all manual dodge chargers around 130k with under 100k miles,,
prompt_507,Show me all automatic porsche 911s around $65k and under 90k miles,,
prompt_508,Show me all automatic honda accords around $75k,,
prompt_509,Show me all manual kia sorentos around 50k,,
prompt_510,Show me all manual honda pilots under $85k,,
prompt_511,Show me all honda cr-vs under $70k USD,,
prompt_512,Show me all manual toyota camrys under $30k,,
prompt_513,Show me all automatic hyundai sonatas around 110k and with under 60k miles,,
prompt_514,Show me all automatic hyundai elantras under 25k with under 25k miles,,
prompt_515,Show me all manual nissan rogues under 110k and under 180k miles,,
prompt_516,Show me all manual chevrolet silverados under $140k,,
prompt_517,Show me all automatic chevrolet corvettes around 140k,,
prompt_518,Show me all automatic mercedes-benz c-classs around $45k,,
prompt_519,Show me all ford explorers under $70k USD,,
prompt_520,Show me all toyota tacomas around $45k USD,,
prompt_521,Show me all manual nissan rogues around $65k and under 60k miles,,
prompt_522,Show me all automatic porsche macans under $45k,,
prompt_523,Show me all manual mercedes-benz e-classs around $85k,,
prompt_524,Show me all automatic chevrolet camaros around 90k with under 120k miles,,
prompt_525,Show me all manual toyota camrys around $95k under 60k miles,,
prompt_526,Show me all porsche macans around 75k,,
prompt_527,Show me all subaru wrxs under $110k USD,,
prompt_528,Show me all manual audi r8s under $25k and around 40k miles,,
prompt_529,Show me all lexus ess around $30k USD,,
prompt_530,Show me all toyota rav4s around 100k,,
prompt_531,Show me all mercedes-benz gles around 140k,,
prompt_532,Show me all manual lexus rxs under 140k around 75k miles,,
prompt_533,Show me all manual nissan 370zs around $85k,,
prompt_534,Show me all automatic subaru foresters around $30k,,
prompt_535,Show me all manual volkswagen golfs around $100k and with under 30k miles,,
prompt_536,Show me all automatic lexus ess around $55k around 100k miles,,
prompt_537,Show me all automatic porsche cayennes around $100k and under 100k miles,,
prompt_538,Show me all manual bmw 5 seriess around $95k with under 50k miles,,
prompt_539,Show me all automatic mazda miatas under 110k and with under 180k miles,,
prompt_540,Show me all manual chevrolet camaros under $65k with under 80k miles,,
prompt_541,Show me all automatic mercedes-benz e-classs under $60k and around 60k miles,,
prompt_542,Show me all manual hyundai tucsons around $55k and under 180k miles,,
prompt_543,Show me all manual hyundai tucsons under $85k under 50k miles,,
prompt_544,Show me all automatic lexus iss around 75k,,
prompt_545,Show me all automatic porsche cayennes around 30k,,
prompt_546,Show me all manual porsche cayennes under $35k and around 180k miles,,
prompt_547,Show me all porsche macans around 70k,,
prompt_548,Show me all automatic kia stingers around $90k and under 80k miles,,
prompt_549,Show me all manual dodge chargers around $100k,,
prompt_550,Show me all automatic mazda cx-5s around $120k,,
